,reg_id,prov_id,mun_id,name
0,1,128,12801,Adams
1,1,128,12802,Bacarra
2,1,128,12803,Badoc
3,1,128,12804,Bangui
4,1,128,12805,City of Batac
5,1,128,12806,Burgos
6,1,128,12807,Carasi
7,1,128,12808,Currimao
8,1,128,12809,Dingras
9,1,128,12810,Dumalneg
10,1,128,12811,Banna
11,1,128,12812,City of Laoag (Capital)
12,1,128,12813,Marcos
13,1,128,12814,Nueva Era
14,1,128,12815,Pagudpud
15,1,128,12816,Paoay
16,1,128,12817,Pasuquin
17,1,128,12818,Piddig
18,1,128,12819,Pinili
19,1,128,12820,San Nicolas
20,1,128,12821,Sarrat
21,1,128,12822,Solsona
22,1,128,12823,Vintar
23,1,129,12901,Alilem
24,1,129,12902,Banayoyo
25,1,129,12903,Bantay
26,1,129,12904,Burgos
27,1,129,12905,Cabugao
28,1,129,12906,City of Candon
29,1,129,12907,Caoayan
30,1,129,12908,Cervantes
31,1,129,12909,Galimuyod
32,1,129,12910,Gregorio del Pilar
33,1,129,12911,Lidlidda
34,1,129,12912,Magsingal
35,1,129,12913,Nagbukel
36,1,129,12914,Narvacan
37,1,129,12915,Quirino
38,1,129,12916,Salcedo
39,1,129,12917,San Emilio
40,1,129,12918,San Esteban
41,1,129,12919,San Ildefonso
42,1,129,12920,San Juan
43,1,129,12921,San Vicente
44,1,129,12922,Santa
45,1,129,12923,Santa Catalina
46,1,129,12924,Santa Cruz
47,1,129,12925,Santa Lucia
48,1,129,12926,Santa Maria
49,1,129,12927,Santiago
50,1,129,12928,Santo Domingo
51,1,129,12929,Sigay
52,1,129,12930,Sinait
53,1,129,12931,Sugpon
54,1,129,12932,Suyo
55,1,129,12933,Tagudin
56,1,129,12934,City of Vigan (Capital)
57,1,133,13301,Agoo
58,1,133,13302,Aringay
59,1,133,13303,Bacnotan
60,1,133,13304,Bagulin
61,1,133,13305,Balaoan
62,1,133,13306,Bangar
63,1,133,13307,Bauang
64,1,133,13308,Burgos
65,1,133,13309,Caba
66,1,133,13310,Luna
67,1,133,13311,Naguilian
68,1,133,13312,Pugo
69,1,133,13313,Rosario
70,1,133,13314,City of San Fernando (Capital)
71,1,133,13315,San Gabriel
72,1,133,13316,San Juan
73,1,133,13317,Santo Tomas
74,1,133,13318,Santol
75,1,133,13319,Sudipen
76,1,133,13320,Tubao
77,1,155,15501,Agno
78,1,155,15502,Aguilar
79,1,155,15503,City of Alaminos
80,1,155,15504,Alcala
81,1,155,15505,Anda
82,1,155,15506,Asingan
83,1,155,15507,Balungao
84,1,155,15508,Bani
85,1,155,15509,Basista
86,1,155,15510,Bautista
87,1,155,15511,Bayambang
88,1,155,15512,Binalonan
89,1,155,15513,Binmaley
90,1,155,15514,Bolinao
91,1,155,15515,Bugallon
92,1,155,15516,Burgos
93,1,155,15517,Calasiao
94,1,155,15518,City of Dagupan
95,1,155,15519,Dasol
96,1,155,15520,Infanta
97,1,155,15521,Labrador
98,1,155,15522,Lingayen (Capital)
99,1,155,15523,Mabini
100,1,155,15524,Malasiqui
101,1,155,15525,Manaoag
102,1,155,15526,Mangaldan
103,1,155,15527,Mangatarem
104,1,155,15528,Mapandan
105,1,155,15529,Natividad
106,1,155,15530,Pozorrubio
107,1,155,15531,Rosales
108,1,155,15532,City of San Carlos
109,1,155,15533,San Fabian
110,1,155,15534,San Jacinto
111,1,155,15535,San Manuel
112,1,155,15536,San Nicolas
113,1,155,15537,San Quintin
114,1,155,15538,Santa Barbara
115,1,155,15539,Santa Maria
116,1,155,15540,Santo Tomas
117,1,155,15541,Sison
118,1,155,15542,Sual
119,1,155,15543,Tayug
120,1,155,15544,Umingan
121,1,155,15545,Urbiztondo
122,1,155,15546,City of Urdaneta
123,1,155,15547,Villasis
124,1,155,15548,Laoac
125,2,209,20901,Basco (Capital)
126,2,209,20902,Itbayat
127,2,209,20903,Ivana
128,2,209,20904,Mahatao
129,2,209,20905,Sabtang
130,2,209,20906,Uyugan
131,2,215,21501,Abulug
132,2,215,21502,Alcala
133,2,215,21503,Allacapan
134,2,215,21504,Amulung
135,2,215,21505,Aparri
136,2,215,21506,Baggao
137,2,215,21507,Ballesteros
138,2,215,21508,Buguey
139,2,215,21509,Calayan
140,2,215,21510,Camalaniugan
141,2,215,21511,Claveria
142,2,215,21512,Enrile
143,2,215,21513,Gattaran
144,2,215,21514,Gonzaga
145,2,215,21515,Iguig
146,2,215,21516,Lal-Lo
147,2,215,21517,Lasam
148,2,215,21518,Pamplona
149,2,215,21519,Penablanca
150,2,215,21520,Piat
151,2,215,21521,Rizal
152,2,215,21522,Sanchez-Mira
153,2,215,21523,Santa Ana
154,2,215,21524,Santa Praxedes
155,2,215,21525,Santa Teresita
156,2,215,21526,Santo Nino
157,2,215,21527,Solana
158,2,215,21528,Tuao
159,2,215,21529,Tuguegarao City (Capital)
160,2,231,23101,Alicia
161,2,231,23102,Angadanan
162,2,231,23103,Aurora
163,2,231,23104,Benito Soliven
164,2,231,23105,Burgos
165,2,231,23106,Cabagan
166,2,231,23107,Cabatuan
167,2,231,23108,City of Cauayan
168,2,231,23109,Cordon
169,2,231,23110,Dinapigue
170,2,231,23111,Divilacan
171,2,231,23112,Echague
172,2,231,23113,Gamu
173,2,231,23114,City of Ilagan (Capital)
174,2,231,23115,Jones
175,2,231,23116,Luna
176,2,231,23117,Maconacon
177,2,231,23118,Delfin Albano
178,2,231,23119,Mallig
179,2,231,23120,Naguilian
180,2,231,23121,Palanan
181,2,231,23122,Quezon
182,2,231,23123,Quirino
183,2,231,23124,Ramon
184,2,231,23125,Reina Mercedes
185,2,231,23126,Roxas
186,2,231,23127,San Agustin
187,2,231,23128,San Guillermo
188,2,231,23129,San Isidro
189,2,231,23130,San Manuel
190,2,231,23131,San Mariano
191,2,231,23132,San Mateo
192,2,231,23133,San Pablo
193,2,231,23134,Santa Maria
194,2,231,23135,City of Santiago
195,2,231,23136,Santo Tomas
196,2,231,23137,Tumauini
197,2,250,25001,Ambaguio
198,2,250,25002,Aritao
199,2,250,25003,Bagabag
200,2,250,25004,Bambang
201,2,250,25005,Bayombong (Capital)
202,2,250,25006,Diadi
203,2,250,25007,Dupax del Norte
204,2,250,25008,Dupax del Sur
205,2,250,25009,Kasibu
206,2,250,25010,Kayapa
207,2,250,25011,Quezon
208,2,250,25012,Santa Fe
209,2,250,25013,Solano
210,2,250,25014,Villaverde
211,2,250,25015,Alfonso Castaneda
212,2,257,25701,Aglipay
213,2,257,25702,Cabarroguis (Capital)
214,2,257,25703,Diffun
215,2,257,25704,Maddela
216,2,257,25705,Saguday
217,2,257,25706,Nagtipunan
218,3,308,30801,Abucay
219,3,308,30802,Bagac
220,3,308,30803,City of Balanga (Capital)
221,3,308,30804,Dinalupihan
222,3,308,30805,Hermosa
223,3,308,30806,Limay
224,3,308,30807,Mariveles
225,3,308,30808,Morong
226,3,308,30809,Orani
227,3,308,30810,Orion
228,3,308,30811,Pilar
229,3,308,30812,Samal
230,3,314,31401,Angat
231,3,314,31402,Balagtas
232,3,314,31403,Baliuag
233,3,314,31404,Bocaue
234,3,314,31405,Bulacan
235,3,314,31406,Bustos
236,3,314,31407,Calumpit
237,3,314,31408,Guiguinto
238,3,314,31409,Hagonoy
239,3,314,31410,City of Malolos (Capital)
240,3,314,31411,Marilao
241,3,314,31412,City of Meycauayan
242,3,314,31413,Norzagaray
243,3,314,31414,Obando
244,3,314,31415,Pandi
245,3,314,31416,Paombong
246,3,314,31417,Plaridel
247,3,314,31418,Pulilan
248,3,314,31419,San Ildefonso
249,3,314,31420,City of San Jose Del Monte
250,3,314,31421,San Miguel
251,3,314,31422,San Rafael
252,3,314,31423,Santa Maria
253,3,314,31424,Dona Remedios Trinidad
254,3,349,34901,Aliaga
255,3,349,34902,Bongabon
256,3,349,34903,City of Cabanatuan
257,3,349,34904,Cabiao
258,3,349,34905,Carranglan
259,3,349,34906,Cuyapo
260,3,349,34907,Gabaldon
261,3,349,34908,City of Gapan
262,3,349,34909,General Mamerto Natividad
263,3,349,34910,General Tinio
264,3,349,34911,Guimba
265,3,349,34912,Jaen
266,3,349,34913,Laur
267,3,349,34914,Licab
268,3,349,34915,Llanera
269,3,349,34916,Lupao
270,3,349,34917,Science City of Munoz
271,3,349,34918,Nampicuan
272,3,349,34919,City of Palayan (Capital)
273,3,349,34920,Pantabangan
274,3,349,34921,Penaranda
275,3,349,34922,Quezon
276,3,349,34923,Rizal
277,3,349,34924,San Antonio
278,3,349,34925,San Isidro
279,3,349,34926,San Jose City
280,3,349,34927,San Leonardo
281,3,349,34928,Santa Rosa
282,3,349,34929,Santo Domingo
283,3,349,34930,Talavera
284,3,349,34931,Talugtug
285,3,349,34932,Zaragoza
286,3,354,35401,City of Angeles
287,3,354,35402,Apalit
288,3,354,35403,Arayat
289,3,354,35404,Bacolor
290,3,354,35405,Candaba
291,3,354,35406,Floridablanca
292,3,354,35407,Guagua
293,3,354,35408,Lubao
294,3,354,35409,Mabalacat City
295,3,354,35410,Macabebe
296,3,354,35411,Magalang
297,3,354,35412,Masantol
298,3,354,35413,Mexico
299,3,354,35414,Minalin
300,3,354,35415,Porac
301,3,354,35416,City of San Fernando (Capital)
302,3,354,35417,San Luis
303,3,354,35418,San Simon
304,3,354,35419,Santa Ana
305,3,354,35420,Santa Rita
306,3,354,35421,Santo Tomas
307,3,354,35422,Sasmuan
308,3,369,36901,Anao
309,3,369,36902,Bamban
310,3,369,36903,Camiling
311,3,369,36904,Capas
312,3,369,36905,Concepcion
313,3,369,36906,Gerona
314,3,369,36907,La Paz
315,3,369,36908,Mayantoc
316,3,369,36909,Moncada
317,3,369,36910,Paniqui
318,3,369,36911,Pura
319,3,369,36912,Ramos
320,3,369,36913,San Clemente
321,3,369,36914,San Manuel
322,3,369,36915,Santa Ignacia
323,3,369,36916,City of Tarlac (Capital)
324,3,369,36917,Victoria
325,3,369,36918,San Jose
326,3,371,37101,Botolan
327,3,371,37102,Cabangan
328,3,371,37103,Candelaria
329,3,371,37104,Castillejos
330,3,371,37105,Iba (Capital)
331,3,371,37106,Masinloc
332,3,371,37107,City of Olongapo
333,3,371,37108,Palauig
334,3,371,37109,San Antonio
335,3,371,37110,San Felipe
336,3,371,37111,San Marcelino
337,3,371,37112,San Narciso
338,3,371,37113,Santa Cruz
339,3,371,37114,Subic
340,3,377,37701,Baler (Capital)
341,3,377,37702,Casiguran
342,3,377,37703,Dilasag
343,3,377,37704,Dinalungan
344,3,377,37705,Dingalan
345,3,377,37706,Dipaculao
346,3,377,37707,Maria Aurora
347,3,377,37708,San Luis
348,4,410,41001,Agoncillo
349,4,410,41002,Alitagtag
350,4,410,41003,Balayan
351,4,410,41004,Balete
352,4,410,41005,Batangas City (Capital)
353,4,410,41006,Bauan
354,4,410,41007,Calaca
355,4,410,41008,Calatagan
356,4,410,41009,Cuenca
357,4,410,41010,Ibaan
358,4,410,41011,Laurel
359,4,410,41012,Lemery
360,4,410,41013,Lian
361,4,410,41014,City of Lipa
362,4,410,41015,Lobo
363,4,410,41016,Mabini
364,4,410,41017,Malvar
365,4,410,41018,Mataasnakahoy
366,4,410,41019,Nasugbu
367,4,410,41020,Padre Garcia
368,4,410,41021,Rosario
369,4,410,41022,San Jose
370,4,410,41023,San Juan
371,4,410,41024,San Luis
372,4,410,41025,San Nicolas
373,4,410,41026,San Pascual
374,4,410,41027,Santa Teresita
375,4,410,41028,City of Sto. Tomas
376,4,410,41029,Taal
377,4,410,41030,Talisay
378,4,410,41031,City of Tanauan
379,4,410,41032,Taysan
380,4,410,41033,Tingloy
381,4,410,41034,Tuy
382,4,421,42101,Alfonso
383,4,421,42102,Amadeo
384,4,421,42103,City of Bacoor
385,4,421,42104,Carmona
386,4,421,42105,City of Cavite
387,4,421,42106,City of Dasmarinas
388,4,421,42107,General Emilio Aguinaldo
389,4,421,42108,City of General Trias
390,4,421,42109,City of Imus
391,4,421,42110,Indang
392,4,421,42111,Kawit
393,4,421,42112,Magallanes
394,4,421,42113,Maragondon
395,4,421,42114,Mendez
396,4,421,42115,Naic
397,4,421,42116,Noveleta
398,4,421,42117,Rosario
399,4,421,42118,Silang
400,4,421,42119,City of Tagaytay
401,4,421,42120,Tanza
402,4,421,42121,Ternate
403,4,421,42122,City of Trece Martires (Capital)
404,4,421,42123,Gen. Mariano Alvarez
405,4,434,43401,Alaminos
406,4,434,43402,Bay
407,4,434,43403,City of Binan
408,4,434,43404,City of Cabuyao
409,4,434,43405,City of Calamba
410,4,434,43406,Calauan
411,4,434,43407,Cavinti
412,4,434,43408,Famy
413,4,434,43409,Kalayaan
414,4,434,43410,Liliw
415,4,434,43411,Los Banos
416,4,434,43412,Luisiana
417,4,434,43413,Lumban
418,4,434,43414,Mabitac
419,4,434,43415,Magdalena
420,4,434,43416,Majayjay
421,4,434,43417,Nagcarlan
422,4,434,43418,Paete
423,4,434,43419,Pagsanjan
424,4,434,43420,Pakil
425,4,434,43421,Pangil
426,4,434,43422,Pila
427,4,434,43423,Rizal
428,4,434,43424,City of San Pablo
429,4,434,43425,City of San Pedro
430,4,434,43426,Santa Cruz (Capital)
431,4,434,43427,Santa Maria
432,4,434,43428,City of Santa Rosa
433,4,434,43429,Siniloan
434,4,434,43430,Victoria
435,4,456,45601,Agdangan
436,4,456,45602,Alabat
437,4,456,45603,Atimonan
438,4,456,45605,Buenavista
439,4,456,45606,Burdeos
440,4,456,45607,Calauag
441,4,456,45608,Candelaria
442,4,456,45610,Catanauan
443,4,456,45615,Dolores
444,4,456,45616,General Luna
445,4,456,45617,General Nakar
446,4,456,45618,Guinayangan
447,4,456,45619,Gumaca
448,4,456,45620,Infanta
449,4,456,45621,Jomalig
450,4,456,45622,Lopez
451,4,456,45623,Lucban
452,4,456,45624,City of Lucena (Capital)
453,4,456,45625,Macalelon
454,4,456,45627,Mauban
455,4,456,45628,Mulanay
456,4,456,45629,Padre Burgos
457,4,456,45630,Pagbilao
458,4,456,45631,Panukulan
459,4,456,45632,Patnanungan
460,4,456,45633,Perez
461,4,456,45634,Pitogo
462,4,456,45635,Plaridel
463,4,456,45636,Polillo
464,4,456,45637,Quezon
465,4,456,45638,Real
466,4,456,45639,Sampaloc
467,4,456,45640,San Andres
468,4,456,45641,San Antonio
469,4,456,45642,San Francisco
470,4,456,45644,San Narciso
471,4,456,45645,Sariaya
472,4,456,45646,Tagkawayan
473,4,456,45647,City of Tayabas
474,4,456,45648,Tiaong
475,4,456,45649,Unisan
476,4,458,45801,Angono
477,4,458,45802,City of Antipolo (Capital)
478,4,458,45803,Baras
479,4,458,45804,Binangonan
480,4,458,45805,Cainta
481,4,458,45806,Cardona
482,4,458,45807,Jala-Jala
483,4,458,45808,Rodriguez
484,4,458,45809,Morong
485,4,458,45810,Pililla
486,4,458,45811,San Mateo
487,4,458,45812,Tanay
488,4,458,45813,Taytay
489,4,458,45814,Teresa
490,17,1740,174001,Boac (Capital)
491,17,1740,174002,Buenavista
492,17,1740,174003,Gasan
493,17,1740,174004,Mogpog
494,17,1740,174005,Santa Cruz
495,17,1740,174006,Torrijos
496,17,1751,175101,Abra De Ilog
497,17,1751,175102,Calintaan
498,17,1751,175103,Looc
499,17,1751,175104,Lubang
500,17,1751,175105,Magsaysay
501,17,1751,175106,Mamburao (Capital)
502,17,1751,175107,Paluan
503,17,1751,175108,Rizal
504,17,1751,175109,Sablayan
505,17,1751,175110,San Jose
506,17,1751,175111,Santa Cruz
507,17,1752,175201,Baco
508,17,1752,175202,Bansud
509,17,1752,175203,Bongabong
510,17,1752,175204,Bulalacao
511,17,1752,175205,City of Calapan (Capital)
512,17,1752,175206,Gloria
513,17,1752,175207,Mansalay
514,17,1752,175208,Naujan
515,17,1752,175209,Pinamalayan
516,17,1752,175210,Pola
517,17,1752,175211,Puerto Galera
518,17,1752,175212,Roxas
519,17,1752,175213,San Teodoro
520,17,1752,175214,Socorro
521,17,1752,175215,Victoria
522,17,1753,175301,Aborlan
523,17,1753,175302,Agutaya
524,17,1753,175303,Araceli
525,17,1753,175304,Balabac
526,17,1753,175305,Bataraza
527,17,1753,175306,Brooke'S Point
528,17,1753,175307,Busuanga
529,17,1753,175308,Cagayancillo
530,17,1753,175309,Coron
531,17,1753,175310,Cuyo
532,17,1753,175311,Dumaran
533,17,1753,175312,El Nido
534,17,1753,175313,Linapacan
535,17,1753,175314,Magsaysay
536,17,1753,175315,Narra
537,17,1753,175316,City of Puerto Princesa (Capital)
538,17,1753,175317,Quezon
539,17,1753,175318,Roxas
540,17,1753,175319,San Vicente
541,17,1753,175320,Taytay
542,17,1753,175321,Kalayaan
543,17,1753,175322,Culion
544,17,1753,175323,Rizal
545,17,1753,175324,Sofronio Espanola
546,17,1759,175901,Alcantara
547,17,1759,175902,Banton
548,17,1759,175903,Cajidiocan
549,17,1759,175904,Calatrava
550,17,1759,175905,Concepcion
551,17,1759,175906,Corcuera
552,17,1759,175907,Looc
553,17,1759,175908,Magdiwang
554,17,1759,175909,Odiongan
555,17,1759,175910,Romblon (Capital)
556,17,1759,175911,San Agustin
557,17,1759,175912,San Andres
558,17,1759,175913,San Fernando
559,17,1759,175914,San Jose
560,17,1759,175915,Santa Fe
561,17,1759,175916,Ferrol
562,17,1759,175917,Santa Maria
563,5,505,50501,Bacacay
564,5,505,50502,Camalig
565,5,505,50503,Daraga
566,5,505,50504,Guinobatan
567,5,505,50505,Jovellar
568,5,505,50506,City of Legazpi (Capital)
569,5,505,50507,Libon
570,5,505,50508,City of Ligao
571,5,505,50509,Malilipot
572,5,505,50510,Malinao
573,5,505,50511,Manito
574,5,505,50512,Oas
575,5,505,50513,Pio Duran
576,5,505,50514,Polangui
577,5,505,50515,Rapu-Rapu
578,5,505,50516,Santo Domingo
579,5,505,50517,City of Tabaco
580,5,505,50518,Tiwi
581,5,516,51601,Basud
582,5,516,51602,Capalonga
583,5,516,51603,Daet (Capital)
584,5,516,51604,San Lorenzo Ruiz
585,5,516,51605,Jose Panganiban
586,5,516,51606,Labo
587,5,516,51607,Mercedes
588,5,516,51608,Paracale
589,5,516,51609,San Vicente
590,5,516,51610,Santa Elena
591,5,516,51611,Talisay
592,5,516,51612,Vinzons
593,5,517,51701,Baao
594,5,517,51702,Balatan
595,5,517,51703,Bato
596,5,517,51704,Bombon
597,5,517,51705,Buhi
598,5,517,51706,Bula
599,5,517,51707,Cabusao
600,5,517,51708,Calabanga
601,5,517,51709,Camaligan
602,5,517,51710,Canaman
603,5,517,51711,Caramoan
604,5,517,51712,Del Gallego
605,5,517,51713,Gainza
606,5,517,51714,Garchitorena
607,5,517,51715,Goa
608,5,517,51716,City of Iriga
609,5,517,51717,Lagonoy
610,5,517,51718,Libmanan
611,5,517,51719,Lupi
612,5,517,51720,Magarao
613,5,517,51721,Milaor
614,5,517,51722,Minalabac
615,5,517,51723,Nabua
616,5,517,51724,City of Naga
617,5,517,51725,Ocampo
618,5,517,51726,Pamplona
619,5,517,51727,Pasacao
620,5,517,51728,Pili (Capital)
621,5,517,51729,Presentacion
622,5,517,51730,Ragay
623,5,517,51731,Sagnay
624,5,517,51732,San Fernando
625,5,517,51733,San Jose
626,5,517,51734,Sipocot
627,5,517,51735,Siruma
628,5,517,51736,Tigaon
629,5,517,51737,Tinambac
630,5,520,52001,Bagamanoc
631,5,520,52002,Baras
632,5,520,52003,Bato
633,5,520,52004,Caramoran
634,5,520,52005,Gigmoto
635,5,520,52006,Pandan
636,5,520,52007,Panganiban
637,5,520,52008,San Andres
638,5,520,52009,San Miguel
639,5,520,52010,Viga
640,5,520,52011,Virac (Capital)
641,5,541,54101,Aroroy
642,5,541,54102,Baleno
643,5,541,54103,Balud
644,5,541,54104,Batuan
645,5,541,54105,Cataingan
646,5,541,54106,Cawayan
647,5,541,54107,Claveria
648,5,541,54108,Dimasalang
649,5,541,54109,Esperanza
650,5,541,54110,Mandaon
651,5,541,54111,City of Masbate (Capital)
652,5,541,54112,Milagros
653,5,541,54113,Mobo
654,5,541,54114,Monreal
655,5,541,54115,Palanas
656,5,541,54116,Pio V. Corpuz
657,5,541,54117,Placer
658,5,541,54118,San Fernando
659,5,541,54119,San Jacinto
660,5,541,54120,San Pascual
661,5,541,54121,Uson
662,5,562,56202,Barcelona
663,5,562,56203,Bulan
664,5,562,56204,Bulusan
665,5,562,56205,Casiguran
666,5,562,56206,Castilla
667,5,562,56207,Donsol
668,5,562,56208,Gubat
669,5,562,56209,Irosin
670,5,562,56210,Juban
671,5,562,56211,Magallanes
672,5,562,56212,Matnog
673,5,562,56213,Pilar
674,5,562,56214,Prieto Diaz
675,5,562,56215,Santa Magdalena
676,5,562,56216,City of Sorsogon (Capital)
677,6,604,60401,Altavas
678,6,604,60402,Balete
679,6,604,60403,Banga
680,6,604,60404,Batan
681,6,604,60405,Buruanga
682,6,604,60406,Ibajay
683,6,604,60407,Kalibo (Capital)
684,6,604,60408,Lezo
685,6,604,60409,Libacao
686,6,604,60410,Madalag
687,6,604,60411,Makato
688,6,604,60412,Malay
689,6,604,60413,Malinao
690,6,604,60414,Nabas
691,6,604,60415,New Washington
692,6,604,60416,Numancia
693,6,604,60417,Tangalan
694,6,606,60601,Anini-Y
695,6,606,60602,Barbaza
696,6,606,60603,Belison
697,6,606,60604,Bugasong
698,6,606,60605,Caluya
699,6,606,60606,Culasi
700,6,606,60607,Tobias Fornier
701,6,606,60608,Hamtic
702,6,606,60609,Laua-An
703,6,606,60610,Libertad
704,6,606,60611,Pandan
705,6,606,60612,Patnongon
706,6,606,60613,San Jose (Capital)
707,6,606,60614,San Remigio
708,6,606,60615,Sebaste
709,6,606,60616,Sibalom
710,6,606,60617,Tibiao
711,6,606,60618,Valderrama
712,6,619,61901,Cuartero
713,6,619,61902,Dao
714,6,619,61903,Dumalag
715,6,619,61904,Dumarao
716,6,619,61905,Ivisan
717,6,619,61906,Jamindan
718,6,619,61907,Ma-Ayon
719,6,619,61908,Mambusao
720,6,619,61909,Panay
721,6,619,61910,Panitan
722,6,619,61911,Pilar
723,6,619,61912,Pontevedra
724,6,619,61913,President Roxas
725,6,619,61914,City of Roxas (Capital)
726,6,619,61915,Sapi-An
727,6,619,61916,Sigma
728,6,619,61917,Tapaz
729,6,630,63001,Ajuy
730,6,630,63002,Alimodian
731,6,630,63003,Anilao
732,6,630,63004,Badiangan
733,6,630,63005,Balasan
734,6,630,63006,Banate
735,6,630,63007,Barotac Nuevo
736,6,630,63008,Barotac Viejo
737,6,630,63009,Batad
738,6,630,63010,Bingawan
739,6,630,63012,Cabatuan
740,6,630,63013,Calinog
741,6,630,63014,Carles
742,6,630,63015,Concepcion
743,6,630,63016,Dingle
744,6,630,63017,Duenas
745,6,630,63018,Dumangas
746,6,630,63019,Estancia
747,6,630,63020,Guimbal
748,6,630,63021,Igbaras
749,6,630,63022,City of Iloilo (Capital)
750,6,630,63023,Janiuay
751,6,630,63025,Lambunao
752,6,630,63026,Leganes
753,6,630,63027,Lemery
754,6,630,63028,Leon
755,6,630,63029,Maasin
756,6,630,63030,Miagao
757,6,630,63031,Mina
758,6,630,63032,New Lucena
759,6,630,63034,Oton
760,6,630,63035,City of Passi
761,6,630,63036,Pavia
762,6,630,63037,Pototan
763,6,630,63038,San Dionisio
764,6,630,63039,San Enrique
765,6,630,63040,San Joaquin
766,6,630,63041,San Miguel
767,6,630,63042,San Rafael
768,6,630,63043,Santa Barbara
769,6,630,63044,Sara
770,6,630,63045,Tigbauan
771,6,630,63046,Tubungan
772,6,630,63047,Zarraga
773,6,645,64501,City of Bacolod (Capital)
774,6,645,64502,City of Bago
775,6,645,64503,Binalbagan
776,6,645,64504,City of Cadiz
777,6,645,64505,Calatrava
778,6,645,64506,Candoni
779,6,645,64507,Cauayan
780,6,645,64508,Enrique B. Magalona
781,6,645,64509,City of Escalante
782,6,645,64510,City of Himamaylan
783,6,645,64511,Hinigaran
784,6,645,64512,Hinoba-an
785,6,645,64513,Ilog
786,6,645,64514,Isabela
787,6,645,64515,City of Kabankalan
788,6,645,64516,City of La Carlota
789,6,645,64517,La Castellana
790,6,645,64518,Manapla
791,6,645,64519,Moises Padilla
792,6,645,64520,Murcia
793,6,645,64521,Pontevedra
794,6,645,64522,Pulupandan
795,6,645,64523,City of Sagay
796,6,645,64524,City of San Carlos
797,6,645,64525,San Enrique
798,6,645,64526,City of Silay
799,6,645,64527,City of Sipalay
800,6,645,64528,City of Talisay
801,6,645,64529,Toboso
802,6,645,64530,Valladolid
803,6,645,64531,City of Victorias
804,6,645,64532,Salvador Benedicto
805,6,679,67901,Buenavista
806,6,679,67902,Jordan (Capital)
807,6,679,67903,Nueva Valencia
808,6,679,67904,San Lorenzo
809,6,679,67905,Sibunag
810,7,712,71201,Alburquerque
811,7,712,71202,Alicia
812,7,712,71203,Anda
813,7,712,71204,Antequera
814,7,712,71205,Baclayon
815,7,712,71206,Balilihan
816,7,712,71207,Batuan
817,7,712,71208,Bilar
818,7,712,71209,Buenavista
819,7,712,71210,Calape
820,7,712,71211,Candijay
821,7,712,71212,Carmen
822,7,712,71213,Catigbian
823,7,712,71214,Clarin
824,7,712,71215,Corella
825,7,712,71216,Cortes
826,7,712,71217,Dagohoy
827,7,712,71218,Danao
828,7,712,71219,Dauis
829,7,712,71220,Dimiao
830,7,712,71221,Duero
831,7,712,71222,Garcia Hernandez
832,7,712,71223,Guindulman
833,7,712,71224,Inabanga
834,7,712,71225,Jagna
835,7,712,71226,Getafe
836,7,712,71227,Lila
837,7,712,71228,Loay
838,7,712,71229,Loboc
839,7,712,71230,Loon
840,7,712,71231,Mabini
841,7,712,71232,Maribojoc
842,7,712,71233,Panglao
843,7,712,71234,Pilar
844,7,712,71235,President Carlos P. Garcia
845,7,712,71236,Sagbayan
846,7,712,71237,San Isidro
847,7,712,71238,San Miguel
848,7,712,71239,Sevilla
849,7,712,71240,Sierra Bullones
850,7,712,71241,Sikatuna
851,7,712,71242,City of Tagbilaran (Capital)
852,7,712,71243,Talibon
853,7,712,71244,Trinidad
854,7,712,71245,Tubigon
855,7,712,71246,Ubay
856,7,712,71247,Valencia
857,7,712,71248,Bien Unido
858,7,722,72201,Alcantara
859,7,722,72202,Alcoy
860,7,722,72203,Alegria
861,7,722,72204,Aloguinsan
862,7,722,72205,Argao
863,7,722,72206,Asturias
864,7,722,72207,Badian
865,7,722,72208,Balamban
866,7,722,72209,Bantayan
867,7,722,72210,Barili
868,7,722,72211,City of Bogo
869,7,722,72212,Boljoon
870,7,722,72213,Borbon
871,7,722,72214,City of Carcar
872,7,722,72215,Carmen
873,7,722,72216,Catmon
874,7,722,72217,City of Cebu (Capital)
875,7,722,72218,Compostela
876,7,722,72219,Consolacion
877,7,722,72220,Cordova
878,7,722,72221,Daanbantayan
879,7,722,72222,Dalaguete
880,7,722,72223,Danao City
881,7,722,72224,Dumanjug
882,7,722,72225,Ginatilan
883,7,722,72226,City of Lapu-Lapu
884,7,722,72227,Liloan
885,7,722,72228,Madridejos
886,7,722,72229,Malabuyoc
887,7,722,72230,City of Mandaue
888,7,722,72231,Medellin
889,7,722,72232,Minglanilla
890,7,722,72233,Moalboal
891,7,722,72234,City of Naga
892,7,722,72235,Oslob
893,7,722,72236,Pilar
894,7,722,72237,Pinamungajan
895,7,722,72238,Poro
896,7,722,72239,Ronda
897,7,722,72240,Samboan
898,7,722,72241,San Fernando
899,7,722,72242,San Francisco
900,7,722,72243,San Remigio
901,7,722,72244,Santa Fe
902,7,722,72245,Santander
903,7,722,72246,Sibonga
904,7,722,72247,Sogod
905,7,722,72248,Tabogon
906,7,722,72249,Tabuelan
907,7,722,72250,City of Talisay
908,7,722,72251,City of Toledo
909,7,722,72252,Tuburan
910,7,722,72253,Tudela
911,7,746,74601,Amlan
912,7,746,74602,Ayungon
913,7,746,74603,Bacong
914,7,746,74604,City of Bais
915,7,746,74605,Basay
916,7,746,74606,City of Bayawan
917,7,746,74607,Bindoy
918,7,746,74608,City of Canlaon
919,7,746,74609,Dauin
920,7,746,74610,City of Dumaguete (Capital)
921,7,746,74611,City of Guihulngan
922,7,746,74612,Jimalalud
923,7,746,74613,La Libertad
924,7,746,74614,Mabinay
925,7,746,74615,Manjuyod
926,7,746,74616,Pamplona
927,7,746,74617,San Jose
928,7,746,74618,Santa Catalina
929,7,746,74619,Siaton
930,7,746,74620,Sibulan
931,7,746,74621,City of Tanjay
932,7,746,74622,Tayasan
933,7,746,74623,Valencia
934,7,746,74624,Vallehermoso
935,7,746,74625,Zamboanguita
936,7,761,76101,Enrique Villanueva
937,7,761,76102,Larena
938,7,761,76103,Lazi
939,7,761,76104,Maria
940,7,761,76105,San Juan
941,7,761,76106,Siquijor (Capital)
942,8,826,82601,Arteche
943,8,826,82602,Balangiga
944,8,826,82603,Balangkayan
945,8,826,82604,City of Borongan (Capital)
946,8,826,82605,Can-Avid
947,8,826,82606,Dolores
948,8,826,82607,General Macarthur
949,8,826,82608,Giporlos
950,8,826,82609,Guiuan
951,8,826,82610,Hernani
952,8,826,82611,Jipapad
953,8,826,82612,Lawaan
954,8,826,82613,Llorente
955,8,826,82614,Maslog
956,8,826,82615,Maydolong
957,8,826,82616,Mercedes
958,8,826,82617,Oras
959,8,826,82618,Quinapondan
960,8,826,82619,Salcedo
961,8,826,82620,San Julian
962,8,826,82621,San Policarpo
963,8,826,82622,Sulat
964,8,826,82623,Taft
965,8,837,83701,Abuyog
966,8,837,83702,Alangalang
967,8,837,83703,Albuera
968,8,837,83705,Babatngon
969,8,837,83706,Barugo
970,8,837,83707,Bato
971,8,837,83708,City of Baybay
972,8,837,83710,Burauen
973,8,837,83713,Calubian
974,8,837,83714,Capoocan
975,8,837,83715,Carigara
976,8,837,83717,Dagami
977,8,837,83718,Dulag
978,8,837,83719,Hilongos
979,8,837,83720,Hindang
980,8,837,83721,Inopacan
981,8,837,83722,Isabel
982,8,837,83723,Jaro
983,8,837,83724,Javier
984,8,837,83725,Julita
985,8,837,83726,Kananga
986,8,837,83728,La Paz
987,8,837,83729,Leyte
988,8,837,83730,Macarthur
989,8,837,83731,Mahaplag
990,8,837,83733,Matag-Ob
991,8,837,83734,Matalom
992,8,837,83735,Mayorga
993,8,837,83736,Merida
994,8,837,83738,Ormoc City
995,8,837,83739,Palo
996,8,837,83740,Palompon
997,8,837,83741,Pastrana
998,8,837,83742,San Isidro
999,8,837,83743,San Miguel
1000,8,837,83744,Santa Fe
1001,8,837,83745,Tabango
1002,8,837,83746,Tabontabon
1003,8,837,83747,City of Tacloban (Capital)
1004,8,837,83748,Tanauan
1005,8,837,83749,Tolosa
1006,8,837,83750,Tunga
1007,8,837,83751,Villaba
1008,8,848,84801,Allen
1009,8,848,84802,Biri
1010,8,848,84803,Bobon
1011,8,848,84804,Capul
1012,8,848,84805,Catarman (Capital)
1013,8,848,84806,Catubig
1014,8,848,84807,Gamay
1015,8,848,84808,Laoang
1016,8,848,84809,Lapinig
1017,8,848,84810,Las Navas
1018,8,848,84811,Lavezares
1019,8,848,84812,Mapanas
1020,8,848,84813,Mondragon
1021,8,848,84814,Palapag
1022,8,848,84815,Pambujan
1023,8,848,84816,Rosario
1024,8,848,84817,San Antonio
1025,8,848,84818,San Isidro
1026,8,848,84819,San Jose
1027,8,848,84820,San Roque
1028,8,848,84821,San Vicente
1029,8,848,84822,Silvino Lobos
1030,8,848,84823,Victoria
1031,8,848,84824,Lope De Vega
1032,8,860,86001,Almagro
1033,8,860,86002,Basey
1034,8,860,86003,City of Calbayog
1035,8,860,86004,Calbiga
1036,8,860,86005,City of Catbalogan (Capital)
1037,8,860,86006,Daram
1038,8,860,86007,Gandara
1039,8,860,86008,Hinabangan
1040,8,860,86009,Jiabong
1041,8,860,86010,Marabut
1042,8,860,86011,Matuguinao
1043,8,860,86012,Motiong
1044,8,860,86013,Pinabacdao
1045,8,860,86014,San Jose De Buan
1046,8,860,86015,San Sebastian
1047,8,860,86016,Santa Margarita
1048,8,860,86017,Santa Rita
1049,8,860,86018,Santo Nino
1050,8,860,86019,Talalora
1051,8,860,86020,Tarangnan
1052,8,860,86021,Villareal
1053,8,860,86022,Paranas
1054,8,860,86023,Zumarraga
1055,8,860,86024,Tagapul-An
1056,8,860,86025,San Jorge
1057,8,860,86026,Pagsanghan
1058,8,864,86401,Anahawan
1059,8,864,86402,Bontoc
1060,8,864,86403,Hinunangan
1061,8,864,86404,Hinundayan
1062,8,864,86405,Libagon
1063,8,864,86406,Liloan
1064,8,864,86407,City of Maasin (Capital)
1065,8,864,86408,Macrohon
1066,8,864,86409,Malitbog
1067,8,864,86410,Padre Burgos
1068,8,864,86411,Pintuyan
1069,8,864,86412,Saint Bernard
1070,8,864,86413,San Francisco
1071,8,864,86414,San Juan
1072,8,864,86415,San Ricardo
1073,8,864,86416,Silago
1074,8,864,86417,Sogod
1075,8,864,86418,Tomas Oppus
1076,8,864,86419,Limasawa
1077,8,878,87801,Almeria
1078,8,878,87802,Biliran
1079,8,878,87803,Cabucgayan
1080,8,878,87804,Caibiran
1081,8,878,87805,Culaba
1082,8,878,87806,Kawayan
1083,8,878,87807,Maripipi
1084,8,878,87808,Naval (Capital)
1085,9,972,97201,City of Dapitan
1086,9,972,97202,City of Dipolog (Capital)
1087,9,972,97203,Katipunan
1088,9,972,97204,La Libertad
1089,9,972,97205,Labason
1090,9,972,97206,Liloy
1091,9,972,97207,Manukan
1092,9,972,97208,Mutia
1093,9,972,97209,Pinan
1094,9,972,97210,Polanco
1095,9,972,97211,Pres. Manuel A. Roxas
1096,9,972,97212,Rizal
1097,9,972,97213,Salug
1098,9,972,97214,Sergio Osmena Sr.
1099,9,972,97215,Siayan
1100,9,972,97216,Sibuco
1101,9,972,97217,Sibutad
1102,9,972,97218,Sindangan
1103,9,972,97219,Siocon
1104,9,972,97220,Sirawai
1105,9,972,97221,Tampilisan
1106,9,972,97222,Jose Dalman
1107,9,972,97223,Gutalac
1108,9,972,97224,Baliguian
1109,9,972,97225,Godod
1110,9,972,97226,Bacungan
1111,9,972,97227,Kalawit
1112,9,973,97302,Aurora
1113,9,973,97303,Bayog
1114,9,973,97305,Dimataling
1115,9,973,97306,Dinas
1116,9,973,97307,Dumalinao
1117,9,973,97308,Dumingag
1118,9,973,97311,Kumalarang
1119,9,973,97312,Labangan
1120,9,973,97313,Lapuyan
1121,9,973,97315,Mahayag
1122,9,973,97317,Margosatubig
1123,9,973,97318,Midsalip
1124,9,973,97319,Molave
1125,9,973,97322,City of Pagadian (Capital)
1126,9,973,97323,Ramon Magsaysay
1127,9,973,97324,San Miguel
1128,9,973,97325,San Pablo
1129,9,973,97327,Tabina
1130,9,973,97328,Tambulig
1131,9,973,97330,Tukuran
1132,9,973,97332,City of Zamboanga
1133,9,973,97333,Lakewood
1134,9,973,97337,Josefina
1135,9,973,97338,Pitogo
1136,9,973,97340,Sominot
1137,9,973,97341,Vincenzo A. Sagun
1138,9,973,97343,Guipos
1139,9,973,97344,Tigbao
1140,9,983,98301,Alicia
1141,9,983,98302,Buug
1142,9,983,98303,Diplahan
1143,9,983,98304,Imelda
1144,9,983,98305,Ipil (Capital)
1145,9,983,98306,Kabasalan
1146,9,983,98307,Mabuhay
1147,9,983,98308,Malangas
1148,9,983,98309,Naga
1149,9,983,98310,Olutanga
1150,9,983,98311,Payao
1151,9,983,98312,Roseller Lim
1152,9,983,98313,Siay
1153,9,983,98314,Talusan
1154,9,983,98315,Titay
1155,9,983,98316,Tungawan
1156,9,997,99701,City of Isabela
1157,10,1013,101301,Baungon
1158,10,1013,101302,Damulog
1159,10,1013,101303,Dangcagan
1160,10,1013,101304,Don Carlos
1161,10,1013,101305,Impasug-ong
1162,10,1013,101306,Kadingilan
1163,10,1013,101307,Kalilangan
1164,10,1013,101308,Kibawe
1165,10,1013,101309,Kitaotao
1166,10,1013,101310,Lantapan
1167,10,1013,101311,Libona
1168,10,1013,101312,City of Malaybalay (Capital)
1169,10,1013,101313,Malitbog
1170,10,1013,101314,Manolo Fortich
1171,10,1013,101315,Maramag
1172,10,1013,101316,Pangantucan
1173,10,1013,101317,Quezon
1174,10,1013,101318,San Fernando
1175,10,1013,101319,Sumilao
1176,10,1013,101320,Talakag
1177,10,1013,101321,City of Valencia
1178,10,1013,101322,Cabanglasan
1179,10,1018,101801,Catarman
1180,10,1018,101802,Guinsiliban
1181,10,1018,101803,Mahinog
1182,10,1018,101804,Mambajao (Capital)
1183,10,1018,101805,Sagay
1184,10,1035,103501,Bacolod
1185,10,1035,103502,Baloi
1186,10,1035,103503,Baroy
1187,10,1035,103504,City of Iligan
1188,10,1035,103505,Kapatagan
1189,10,1035,103506,Sultan Naga Dimaporo
1190,10,1035,103507,Kauswagan
1191,10,1035,103508,Kolambugan
1192,10,1035,103509,Lala
1193,10,1035,103510,Linamon
1194,10,1035,103511,Magsaysay
1195,10,1035,103512,Maigo
1196,10,1035,103513,Matungao
1197,10,1035,103514,Munai
1198,10,1035,103515,Nunungan
1199,10,1035,103516,Pantao Ragat
1200,10,1035,103517,Poona Piagapo
1201,10,1035,103518,Salvador
1202,10,1035,103519,Sapad
1203,10,1035,103520,Tagoloan
1204,10,1035,103521,Tangcal
1205,10,1035,103522,Tubod (Capital)
1206,10,1035,103523,Pantar
1207,10,1042,104201,Aloran
1208,10,1042,104202,Baliangao
1209,10,1042,104203,Bonifacio
1210,10,1042,104204,Calamba
1211,10,1042,104205,Clarin
1212,10,1042,104206,Concepcion
1213,10,1042,104207,Jimenez
1214,10,1042,104208,Lopez Jaena
1215,10,1042,104209,City of Oroquieta (Capital)
1216,10,1042,104210,City of Ozamiz
1217,10,1042,104211,Panaon
1218,10,1042,104212,Plaridel
1219,10,1042,104213,Sapang Dalaga
1220,10,1042,104214,Sinacaban
1221,10,1042,104215,City of Tangub
1222,10,1042,104216,Tudela
1223,10,1042,104217,Don Victoriano Chiongbian
1224,10,1043,104301,Alubijid
1225,10,1043,104302,Balingasag
1226,10,1043,104303,Balingoan
1227,10,1043,104304,Binuangan
1228,10,1043,104305,City of Cagayan De Oro (Capital)
1229,10,1043,104306,Claveria
1230,10,1043,104307,City of El Salvador
1231,10,1043,104308,City of Gingoog
1232,10,1043,104309,Gitagum
1233,10,1043,104310,Initao
1234,10,1043,104311,Jasaan
1235,10,1043,104312,Kinoguitan
1236,10,1043,104313,Lagonglong
1237,10,1043,104314,Laguindingan
1238,10,1043,104315,Libertad
1239,10,1043,104316,Lugait
1240,10,1043,104317,Magsaysay
1241,10,1043,104318,Manticao
1242,10,1043,104319,Medina
1243,10,1043,104320,Naawan
1244,10,1043,104321,Opol
1245,10,1043,104322,Salay
1246,10,1043,104323,Sugbongcogon
1247,10,1043,104324,Tagoloan
1248,10,1043,104325,Talisayan
1249,10,1043,104326,Villanueva
1250,11,1123,112301,Asuncion
1251,11,1123,112303,Carmen
1252,11,1123,112305,Kapalong
1253,11,1123,112314,New Corella
1254,11,1123,112315,City of Panabo
1255,11,1123,112317,Island Garden City of Samal
1256,11,1123,112318,Santo Tomas
1257,11,1123,112319,City of Tagum (Capital)
1258,11,1123,112322,Talaingod
1259,11,1123,112323,Braulio E. Dujali
1260,11,1123,112324,San Isidro
1261,11,1124,112401,Bansalan
1262,11,1124,112402,City of Davao
1263,11,1124,112403,City of Digos (Capital)
1264,11,1124,112404,Hagonoy
1265,11,1124,112406,Kiblawan
1266,11,1124,112407,Magsaysay
1267,11,1124,112408,Malalag
1268,11,1124,112410,Matanao
1269,11,1124,112411,Padada
1270,11,1124,112412,Santa Cruz
1271,11,1124,112414,Sulop
1272,11,1125,112501,Baganga
1273,11,1125,112502,Banaybanay
1274,11,1125,112503,Boston
1275,11,1125,112504,Caraga
1276,11,1125,112505,Cateel
1277,11,1125,112506,Governor Generoso
1278,11,1125,112507,Lupon
1279,11,1125,112508,Manay
1280,11,1125,112509,City of Mati (Capital)
1281,11,1125,112510,San Isidro
1282,11,1125,112511,Tarragona
1283,11,1182,118201,Compostela
1284,11,1182,118202,Laak
1285,11,1182,118203,Mabini
1286,11,1182,118204,Maco
1287,11,1182,118205,Maragusan
1288,11,1182,118206,Mawab
1289,11,1182,118207,Monkayo
1290,11,1182,118208,Montevista
1291,11,1182,118209,Nabunturan (Capital)
1292,11,1182,118210,New Bataan
1293,11,1182,118211,Pantukan
1294,11,1186,118601,Don Marcelino
1295,11,1186,118602,Jose Abad Santos
1296,11,1186,118603,Malita (Capital)
1297,11,1186,118604,Santa Maria
1298,11,1186,118605,Sarangani
1299,12,1247,124701,Alamada
1300,12,1247,124702,Carmen
1301,12,1247,124703,Kabacan
1302,12,1247,124704,City of Kidapawan (Capital)
1303,12,1247,124705,Libungan
1304,12,1247,124706,Magpet
1305,12,1247,124707,Makilala
1306,12,1247,124708,Matalam
1307,12,1247,124709,Midsayap
1308,12,1247,124710,M'Lang
1309,12,1247,124711,Pigkawayan
1310,12,1247,124712,Pikit
1311,12,1247,124713,President Roxas
1312,12,1247,124714,Tulunan
1313,12,1247,124715,Antipas
1314,12,1247,124716,Banisilan
1315,12,1247,124717,Aleosan
1316,12,1247,124718,Arakan
1317,12,1263,126302,Banga
1318,12,1263,126303,City of General Santos
1319,12,1263,126306,City of Koronadal (Capital)
1320,12,1263,126311,Norala
1321,12,1263,126312,Polomolok
1322,12,1263,126313,Surallah
1323,12,1263,126314,Tampakan
1324,12,1263,126315,Tantangan
1325,12,1263,126316,T'Boli
1326,12,1263,126317,Tupi
1327,12,1263,126318,Santo Nino
1328,12,1263,126319,Lake Sebu
1329,12,1265,126501,Bagumbayan
1330,12,1265,126502,Columbio
1331,12,1265,126503,Esperanza
1332,12,1265,126504,Isulan (Capital)
1333,12,1265,126505,Kalamansig
1334,12,1265,126506,Lebak
1335,12,1265,126507,Lutayan
1336,12,1265,126508,Lambayong
1337,12,1265,126509,Palimbang
1338,12,1265,126510,President Quirino
1339,12,1265,126511,City of Tacurong
1340,12,1265,126512,Sen. Ninoy Aquino
1341,12,1280,128001,Alabel (Capital)
1342,12,1280,128002,Glan
1343,12,1280,128003,Kiamba
1344,12,1280,128004,Maasim
1345,12,1280,128005,Maitum
1346,12,1280,128006,Malapatan
1347,12,1280,128007,Malungon
1348,12,1298,129804,City of Cotabato
1349,13,1339,133901,Tondo I/II
1350,13,1339,133902,Binondo
1351,13,1339,133903,Quiapo
1352,13,1339,133904,San Nicolas
1353,13,1339,133905,Santa Cruz
1354,13,1339,133906,Sampaloc
1355,13,1339,133907,San Miguel
1356,13,1339,133908,Ermita
1357,13,1339,133909,Intramuros
1358,13,1339,133910,Malate
1359,13,1339,133911,Paco
1360,13,1339,133912,Pandacan
1361,13,1339,133913,Port Area
1362,13,1339,133914,Santa Ana
1363,13,1374,137401,City of Mandaluyong
1364,13,1374,137402,City of Marikina
1365,13,1374,137403,City of Pasig
1366,13,1374,137404,Quezon City
1367,13,1374,137405,City of San Juan
1368,13,1375,137501,City of Caloocan
1369,13,1375,137502,City of Malabon
1370,13,1375,137503,City of Navotas
1371,13,1375,137504,City of Valenzuela
1372,13,1376,137601,City of Las Pinas
1373,13,1376,137602,City of Makati
1374,13,1376,137603,City of Muntinlupa
1375,13,1376,137604,City of Paranaque
1376,13,1376,137605,Pasay City
1377,13,1376,137606,Pateros
1378,13,1376,137607,City of Taguig
1379,14,1401,140101,Bangued (Capital)
1380,14,1401,140102,Boliney
1381,14,1401,140103,Bucay
1382,14,1401,140104,Bucloc
1383,14,1401,140105,Daguioman
1384,14,1401,140106,Danglas
1385,14,1401,140107,Dolores
1386,14,1401,140108,La Paz
1387,14,1401,140109,Lacub
1388,14,1401,140110,Lagangilang
1389,14,1401,140111,Lagayan
1390,14,1401,140112,Langiden
1391,14,1401,140113,Licuan-Baay
1392,14,1401,140114,Luba
1393,14,1401,140115,Malibcong
1394,14,1401,140116,Manabo
1395,14,1401,140117,Penarrubia
1396,14,1401,140118,Pidigan
1397,14,1401,140119,Pilar
1398,14,1401,140120,Sallapadan
1399,14,1401,140121,San Isidro
1400,14,1401,140122,San Juan
1401,14,1401,140123,San Quintin
1402,14,1401,140124,Tayum
1403,14,1401,140125,Tineg
1404,14,1401,140126,Tubo
1405,14,1401,140127,Villaviciosa
1406,14,1411,141101,Atok
1407,14,1411,141102,City of Baguio
1408,14,1411,141103,Bakun
1409,14,1411,141104,Bokod
1410,14,1411,141105,Buguias
1411,14,1411,141106,Itogon
1412,14,1411,141107,Kabayan
1413,14,1411,141108,Kapangan
1414,14,1411,141109,Kibungan
1415,14,1411,141110,La Trinidad (Capital)
1416,14,1411,141111,Mankayan
1417,14,1411,141112,Sablan
1418,14,1411,141113,Tuba
1419,14,1411,141114,Tublay
1420,14,1427,142701,Banaue
1421,14,1427,142702,Hungduan
1422,14,1427,142703,Kiangan
1423,14,1427,142704,Lagawe (Capital)
1424,14,1427,142705,Lamut
1425,14,1427,142706,Mayoyao
1426,14,1427,142707,Alfonso Lista
1427,14,1427,142708,Aguinaldo
1428,14,1427,142709,Hingyon
1429,14,1427,142710,Tinoc
1430,14,1427,142711,Asipulo
1431,14,1432,143201,Balbalan
1432,14,1432,143206,Lubuagan
1433,14,1432,143208,Pasil
1434,14,1432,143209,Pinukpuk
1435,14,1432,143211,Rizal
1436,14,1432,143213,City of Tabuk (Capital)
1437,14,1432,143214,Tanudan
1438,14,1432,143215,Tinglayan
1439,14,1444,144401,Barlig
1440,14,1444,144402,Bauko
1441,14,1444,144403,Besao
1442,14,1444,144404,Bontoc (Capital)
1443,14,1444,144405,Natonin
1444,14,1444,144406,Paracelis
1445,14,1444,144407,Sabangan
1446,14,1444,144408,Sadanga
1447,14,1444,144409,Sagada
1448,14,1444,144410,Tadian
1449,14,1481,148101,Calanasan
1450,14,1481,148102,Conner
1451,14,1481,148103,Flora
1452,14,1481,148104,Kabugao (Capital)
1453,14,1481,148105,Luna
1454,14,1481,148106,Pudtol
1455,14,1481,148107,Santa Marcela
1456,15,1507,150702,City of Lamitan (Capital)
1457,15,1507,150703,Lantawan
1458,15,1507,150704,Maluso
1459,15,1507,150705,Sumisip
1460,15,1507,150706,Tipo-Tipo
1461,15,1507,150707,Tuburan
1462,15,1507,150708,Akbar
1463,15,1507,150709,Al-Barka
1464,15,1507,150710,Hadji Mohammad Ajul
1465,15,1507,150711,Ungkaya Pukan
1466,15,1507,150712,Hadji Muhtamad
1467,15,1507,150713,Tabuan-Lasa
1468,15,1536,153601,Bacolod-Kalawi
1469,15,1536,153602,Balabagan
1470,15,1536,153603,Balindong
1471,15,1536,153604,Bayang
1472,15,1536,153605,Binidayan
1473,15,1536,153606,Bubong
1474,15,1536,153607,Butig
1475,15,1536,153609,Ganassi
1476,15,1536,153610,Kapai
1477,15,1536,153611,Lumba-Bayabao
1478,15,1536,153612,Lumbatan
1479,15,1536,153613,Madalum
1480,15,1536,153614,Madamba
1481,15,1536,153615,Malabang
1482,15,1536,153616,Marantao
1483,15,1536,153617,City of Marawi (Capital)
1484,15,1536,153618,Masiu
1485,15,1536,153619,Mulondo
1486,15,1536,153620,Pagayawan
1487,15,1536,153621,Piagapo
1488,15,1536,153622,Poona Bayabao
1489,15,1536,153623,Pualas
1490,15,1536,153624,Ditsaan-Ramain
1491,15,1536,153625,Saguiaran
1492,15,1536,153626,Tamparan
1493,15,1536,153627,Taraka
1494,15,1536,153628,Tubaran
1495,15,1536,153629,Tugaya
1496,15,1536,153630,Wao
1497,15,1536,153631,Marogong
1498,15,1536,153632,Calanogas
1499,15,1536,153633,Buadiposo-Buntong
1500,15,1536,153634,Maguing
1501,15,1536,153635,Picong
1502,15,1536,153636,Lumbayanague
1503,15,1536,153637,Amai Manabilang
1504,15,1536,153638,Tagoloan Ii
1505,15,1536,153639,Kapatagan
1506,15,1536,153640,Sultan Dumalondong
1507,15,1536,153641,Lumbaca-Unayan
1508,15,1538,153801,Ampatuan
1509,15,1538,153802,Buldon
1510,15,1538,153803,Buluan
1511,15,1538,153805,Datu Paglas
1512,15,1538,153806,Datu Piang
1513,15,1538,153807,Datu Odin Sinsuat
1514,15,1538,153808,Shariff Aguak (Capital)
1515,15,1538,153809,Matanog
1516,15,1538,153810,Pagalungan
1517,15,1538,153811,Parang
1518,15,1538,153812,Sultan Kudarat
1519,15,1538,153813,Sultan Sa Barongis
1520,15,1538,153814,Kabuntalan
1521,15,1538,153815,Upi
1522,15,1538,153816,Talayan
1523,15,1538,153817,South Upi
1524,15,1538,153818,Barira
1525,15,1538,153819,Gen. S.K. Pendatun
1526,15,1538,153820,Mamasapano
1527,15,1538,153821,Talitay
1528,15,1538,153822,Pagagawan
1529,15,1538,153823,Paglat
1530,15,1538,153824,Sultan Mastura
1531,15,1538,153825,Guindulungan
1532,15,1538,153826,Datu Saudi-Ampatuan
1533,15,1538,153827,Datu Unsay
1534,15,1538,153828,Datu Abdullah Sangki
1535,15,1538,153829,Rajah Buayan
1536,15,1538,153830,Datu Blah T. Sinsuat
1537,15,1538,153831,Datu Anggal Midtimbang
1538,15,1538,153832,Mangudadatu
1539,15,1538,153833,Pandag
1540,15,1538,153834,Northern Kabuntalan
1541,15,1538,153835,Datu Hoffer Ampatuan
1542,15,1538,153836,Datu Salibo
1543,15,1538,153837,Shariff Saydona Mustapha
1544,15,1566,156601,Indanan
1545,15,1566,156602,Jolo (Capital)
1546,15,1566,156603,Kalingalan Caluang
1547,15,1566,156604,Luuk
1548,15,1566,156605,Maimbung
1549,15,1566,156606,Hadji Panglima Tahil
1550,15,1566,156607,Old Panamao
1551,15,1566,156608,Pangutaran
1552,15,1566,156609,Parang
1553,15,1566,156610,Pata
1554,15,1566,156611,Patikul
1555,15,1566,156612,Siasi
1556,15,1566,156613,Talipao
1557,15,1566,156614,Tapul
1558,15,1566,156615,Tongkil
1559,15,1566,156616,Panglima Estino
1560,15,1566,156617,Lugus
1561,15,1566,156618,Pandami
1562,15,1566,156619,Omar
1563,15,1570,157001,Panglima Sugala
1564,15,1570,157002,Bongao (Capital)
1565,15,1570,157003,Mapun
1566,15,1570,157004,Simunul
1567,15,1570,157005,Sitangkai
1568,15,1570,157006,South Ubian
1569,15,1570,157007,Tandubas
1570,15,1570,157008,Turtle Islands
1571,15,1570,157009,Languyan
1572,15,1570,157010,Sapa-Sapa
1573,15,1570,157011,Sibutu
1574,16,1602,160201,Buenavista
1575,16,1602,160202,City of Butuan (Capital)
1576,16,1602,160203,City of Cabadbaran
1577,16,1602,160204,Carmen
1578,16,1602,160205,Jabonga
1579,16,1602,160206,Kitcharao
1580,16,1602,160207,Las Nieves
1581,16,1602,160208,Magallanes
1582,16,1602,160209,Nasipit
1583,16,1602,160210,Santiago
1584,16,1602,160211,Tubay
1585,16,1602,160212,Remedios T. Romualdez
1586,16,1603,160301,City of Bayugan
1587,16,1603,160302,Bunawan
1588,16,1603,160303,Esperanza
1589,16,1603,160304,La Paz
1590,16,1603,160305,Loreto
1591,16,1603,160306,Prosperidad (Capital)
1592,16,1603,160307,Rosario
1593,16,1603,160308,San Francisco
1594,16,1603,160309,San Luis
1595,16,1603,160310,Santa Josefa
1596,16,1603,160311,Talacogon
1597,16,1603,160312,Trento
1598,16,1603,160313,Veruela
1599,16,1603,160314,Sibagat
1600,16,1667,166701,Alegria
1601,16,1667,166702,Bacuag
1602,16,1667,166704,Burgos
1603,16,1667,166706,Claver
1604,16,1667,166707,Dapa
1605,16,1667,166708,Del Carmen
1606,16,1667,166710,General Luna
1607,16,1667,166711,Gigaquit
1608,16,1667,166714,Mainit
1609,16,1667,166715,Malimono
1610,16,1667,166716,Pilar
1611,16,1667,166717,Placer
1612,16,1667,166718,San Benito
1613,16,1667,166719,San Francisco
1614,16,1667,166720,San Isidro
1615,16,1667,166721,Santa Monica
1616,16,1667,166722,Sison
1617,16,1667,166723,Socorro
1618,16,1667,166724,City of Surigao (Capital)
1619,16,1667,166725,Tagana-An
1620,16,1667,166727,Tubod
1621,16,1668,166801,Barobo
1622,16,1668,166802,Bayabas
1623,16,1668,166803,City of Bislig
1624,16,1668,166804,Cagwait
1625,16,1668,166805,Cantilan
1626,16,1668,166806,Carmen
1627,16,1668,166807,Carrascal
1628,16,1668,166808,Cortes
1629,16,1668,166809,Hinatuan
1630,16,1668,166810,Lanuza
1631,16,1668,166811,Lianga
1632,16,1668,166812,Lingig
1633,16,1668,166813,Madrid
1634,16,1668,166814,Marihatag
1635,16,1668,166815,San Agustin
1636,16,1668,166816,San Miguel
1637,16,1668,166817,Tagbina
1638,16,1668,166818,Tago
1639,16,1668,166819,City of Tandag (Capital)
1640,16,1685,168501,Basilisa
1641,16,1685,168502,Cagdianao
1642,16,1685,168503,Dinagat
1643,16,1685,168504,Libjo
1644,16,1685,168505,Loreto
1645,16,1685,168506,San Jose (Capital)
1646,16,1685,168507,Tubajon
